id,series,topic,hook
B17,evolution,Traffic lights: from a gas lamp that exploded to an LED that cannot burn out,The first traffic light blew up in a policeman's face.
B18,evolution,Airbags: why they do not just inflate harder,It hits your face faster than you can blink — on purpose.
B19,evolution,Seat belts: lap belt to three-point,The first seat belt held you in and broke you in half.
B20,evolution,Level crossing barriers: why they fail closed,Cut the power and the barrier comes down by itself.
B21,inside,Pressure cookers: the three ways it lets go,That whistle is the second safety valve. There is a third.
B22,evolution,Train couplers: link-and-pin to the knuckle,Two wagons roll together and you are standing between them.
B23,inside,Circuit breakers: the strip that bends and the coil that snaps,The switch in your fuse box trips in two different ways.
B24,inside,Toilet flush: siphon versus flapper,There is no pump in your toilet. Gravity does it all.
B25,inside,Escalator brakes: what stops the stairs when the power cuts,Kill the power mid-ride and the stairs do not roll back.
B26,evolution,Lift safety brakes: why a snapped cable does not drop the car,Cut the cable and the lift stops itself in the shaft.
B27,evolution,Crumple zones: why cars are built to crush,The stiffest car is the one that hurts you most.
B28,inside,Smoke alarms: two ways to smell a fire,One kind of smoke alarm sleeps through the fire you are most likely to have.
B29,evolution,Railway signals: why the default is red,A broken signal shows red. That is not an accident.
B30,inside,The fuse in a plug: the wire meant to melt,The weakest wire in your house is there on purpose.
B31,evolution,Fire sprinkler heads: the glass bulb,One sprinkler opens. Not all of them. Here is why.
B32,inside,Car brakes: why a liquid pushes harder than your foot,Your foot cannot stop a car. A little liquid can.
B33,evolution,Revolving doors: why they fold flat,Push hard enough and a revolving door collapses — on purpose.
B34,inside,The dead man's switch in a train cab,Let go of the handle and the train stops itself.
B35,evolution,Tyre treads: why grooves,A smooth tyre grips better — until it rains.
B36,inside,Lift doors: what stops them closing on you,Put your hand in the gap and the doors already know.
